customer_id,customer_name,email,registration_date,customer_type
1,Allison Hill,donaldgarcia@example.net,2022-03-19 16:56:13,PREMIUM
2,Angie Henderson,davisjesse@example.net,2023-03-10 12:42:06,PREMIUM
3,Cristian Santos,lrobinson@example.com,2022-09-28 02:37:44,REGULAR
4,Abigail Shaffer,jpeterson@example.org,2022-10-19 02:25:25,REGULAR
5,Gabrielle Davis,howardmaurice@example.com,2022-03-24 10:39:55,REGULAR
6,Monica Herrera,smiller@example.net,2025-07-27 09:39:54,REGULAR
7,Shannon Ray,williamsjeremy@example.com,2022-01-21 04:34:57,PREMIUM
8,Dr. Sharon James,xreid@example.org,2025-08-06 00:24:49,REGULAR
9,Daniel Adams,lynchgeorge@example.net,2024-11-11 18:18:31,REGULAR
10,Joel Nelson,gabriellecameron@example.org,2025-01-20 07:26:32,PREMIUM
11,Andrew Stewart,carl95@example.org,2022-05-15 23:53:58,PREMIUM
12,Jennifer Rocha,ithomas@example.org,2025-03-22 01:34:09,REGULAR
13,Kimberly Burgess,zhurst@example.com,2025-01-28 13:27:43,REGULAR
14,Zachary Hicks,camposmichelle@example.org,2022-05-23 08:54:49,PREMIUM
15,Rebecca Henderson,cruzcaitlin@example.com,2022-09-05 21:43:15,PREMIUM
16,Tricia Valencia,frazierdanny@example.net,2025-03-27 00:15:57,REGULAR
17,Patricia Peterson,ryan70@example.net,2025-02-07 11:51:32,REGULAR
18,Deborah Mason,williamrodriguez@example.net,2024-04-09 11:18:32,PREMIUM
19,Mark Lynch,nathanielmartin@example.net,2022-08-10 20:09:25,PREMIUM
20,Linda Burns,hickmannatasha@example.com,2024-01-31 14:25:32,REGULAR
21,David Bradley,millertodd@example.org,2023-11-14 07:41:38,PREMIUM
22,Kim Martinez,karroyo@example.com,2022-06-23 19:02:08,REGULAR
23,Lisa Brandt,jenniferross@example.net,2024-09-07 01:53:03,REGULAR
24,Jessica Holmes,wrightcaleb@example.org,2024-09-04 16:05:01,REGULAR
25,Crystal Robinson,zimmermanbrian@example.org,2025-11-26 14:28:26,REGULAR
26,Shannon Jones,joshuawashington@example.net,2024-03-27 07:26:03,PREMIUM
27,Timothy Duncan,esanchez@example.com,2025-05-25 21:27:37,REGULAR
28,Brent Jordan,ujenkins@example.org,2023-03-06 18:45:44,REGULAR
29,Victoria Garcia,zchandler@example.org,2022-05-27 09:15:05,PREMIUM
30,Connor West,dwhite@example.org,2023-05-13 01:07:20,PREMIUM
31,Angela Morton,williamsyvette@example.org,2022-07-17 08:58:09,REGULAR
32,Tammy Allison,richardolson@example.com,2025-12-25 04:19:44,REGULAR
33,Carmen Smith,ybaker@example.com,2022-02-05 16:05:13,PREMIUM
34,Michael Cross,smoore@example.org,2024-04-08 23:55:40,PREMIUM
35,Lauren Daniels,brian97@example.net,2024-06-30 20:57:20,REGULAR
36,Kim Brown,yorkcasey@example.org,2024-03-29 07:42:38,VIP
37,Cynthia Wilson,bethwilliams@example.org,2026-04-27 07:29:21,VIP
38,Kevin Mills,james53@example.com,2024-07-16 05:39:22,PREMIUM
39,Michael Evans,sarah10@example.com,2023-09-10 23:53:12,REGULAR
40,Kristine Garcia,williamanderson@example.com,2022-01-02 18:38:37,REGULAR
41,Sherry Wood,samueldaniels@example.com,2022-12-14 13:27:43,VIP
42,Victoria Valdez,contrerasangela@example.net,2024-08-13 09:54:55,REGULAR
43,Shawn Baker,newtoneric@example.com,2022-09-02 16:33:04,REGULAR
44,Michelle Harris,william40@example.org,2022-08-04 00:51:32,VIP
45,Sandra Williams,kellie42@example.net,2023-01-26 17:23:01,REGULAR
46,Michael Hoffman,jonesnicole@example.org,2023-05-29 00:45:30,REGULAR
47,Sandra Aguilar,russellwilliams@example.com,2025-08-07 15:27:05,VIP
48,Rebecca Valencia,jason31@example.com,2023-09-17 22:54:37,PREMIUM
49,Stacey Russell,sarayoung@example.org,2025-03-06 04:15:03,REGULAR
50,Rita Keith,whitesandra@example.com,2023-01-11 22:43:37,REGULAR
51,Sharon Cochran,erik16@example.org,2022-03-07 08:25:41,REGULAR
52,Courtney Velasquez,ybailey@example.org,2023-11-16 04:35:55,REGULAR
53,Matthew Ross,michelle45@example.net,2022-07-02 21:56:46,REGULAR
54,Meghan Anthony,sheila14@example.org,2024-10-23 14:32:03,REGULAR
55,Victoria Johnson,yreed@example.com,2026-02-17 03:07:42,REGULAR
56,William Wilson,jonathanfletcher@example.org,2026-01-08 12:54:23,REGULAR
57,Renee Mcdaniel,michaeljones@example.net,2025-06-18 16:35:27,REGULAR
58,Lisa Alvarado,cortezkevin@example.com,2025-09-01 05:30:21,REGULAR
59,Erika Terry,jamesortega@example.com,2022-06-18 07:17:46,PREMIUM
60,Stephanie Gilbert,richard04@example.com,2022-11-02 18:34:06,REGULAR
61,Richard Lawson,steven73@example.net,2022-12-06 11:41:22,REGULAR
62,Steven Flynn,donnacampbell@example.net,2025-10-25 19:03:03,REGULAR
63,Frances Cardenas,emilywalker@example.org,2025-12-08 08:02:57,REGULAR
64,Angel Riggs,gibsonolivia@example.net,2025-10-08 18:13:23,PREMIUM
65,Michael Snyder,dylanwatts@example.org,2022-11-01 04:36:14,REGULAR
66,Colleen Brock,pwilliams@example.org,2022-02-15 20:25:30,VIP
67,Robert Contreras,stephanie79@example.net,2024-01-05 09:43:56,REGULAR
68,Jessica Meadows,vmerritt@example.com,2023-10-27 02:09:12,PREMIUM
69,Paul Larsen,katie87@example.net,2023-05-27 12:14:00,REGULAR
70,Jeremiah Reeves,josephflores@example.net,2024-04-03 22:58:23,VIP
71,Chris Reyes,jasminebrown@example.com,2024-06-05 05:43:27,REGULAR
72,John Brown,xprice@example.net,2026-02-21 00:51:03,REGULAR
73,Alicia Gilmore,wwoods@example.com,2022-07-01 16:49:49,REGULAR
74,Sarah Ashley,vmedina@example.net,2024-09-01 08:04:11,REGULAR
75,Stephanie Freeman,ryan06@example.com,2026-04-12 07:14:30,VIP
76,Rebecca Ramsey,ncalhoun@example.net,2022-06-26 17:14:54,VIP
77,James Elliott,millerroy@example.com,2023-08-01 08:06:49,REGULAR
78,David Murphy,wmurphy@example.com,2024-01-01 18:04:25,REGULAR
79,Trevor Fisher,ruizkaitlyn@example.org,2024-02-04 23:08:49,REGULAR
80,Mrs. Marie Harrington DDS,herringjames@example.org,2022-09-12 17:07:33,REGULAR
81,Cynthia Wells,elliottjeffery@example.net,2024-09-09 22:14:43,VIP
82,Jacob Obrien,stricklandfrank@example.com,2024-09-03 03:14:49,REGULAR
83,Alexander Collins,tsanders@example.org,2024-07-21 01:24:12,REGULAR
84,Michael Burton,terrykevin@example.net,2022-08-14 09:12:24,REGULAR
85,Barbara Riggs,reedross@example.com,2022-11-07 15:08:33,REGULAR
86,Matthew Smith,gshort@example.com,2024-04-03 22:46:34,REGULAR
87,Madison Poole,ryangross@example.net,2022-08-02 17:27:06,PREMIUM
88,Robert Medina,umarshall@example.net,2023-05-06 02:27:23,REGULAR
89,Samuel Rivas,ramirezshannon@example.com,2024-07-28 21:18:46,PREMIUM
90,Mary Rogers,lrosales@example.com,2022-01-25 07:19:59,PREMIUM
91,Robert Peterson,angela83@example.org,2022-11-18 19:58:09,VIP
92,Jason Peters,hannahbrewer@example.com,2022-12-25 14:59:06,PREMIUM
93,Alan Phillips,tholt@example.net,2023-04-28 23:02:10,REGULAR
94,Kara Schmidt,jbarajas@example.com,2024-12-01 07:00:26,REGULAR
95,Jesse Parker,davidlee@example.org,2024-03-31 04:03:58,REGULAR
96,Tiffany Vaughn,javierwashington@example.net,2022-06-07 19:50:24,REGULAR
97,Paige Carlson,wallkenneth@example.com,2024-05-09 14:46:23,REGULAR
98,Adrian Ferguson,brandon08@example.com,2023-02-11 10:37:14,PREMIUM
99,Beth Oneill,agarcia@example.net,2025-10-04 17:38:36,REGULAR
100,John Peterson,kingmichelle@example.org,2022-01-31 01:01:30,REGULAR
101,Jennifer Jones,hernandezlisa@example.com,2023-04-09 02:17:35,REGULAR
102,David Grant,yobrien@example.net,2023-04-06 02:40:23,REGULAR
103,Joseph Hayes,levans@example.com,2025-02-06 22:23:14,PREMIUM
104,Marc Lynch,mezajared@example.org,2022-05-04 22:46:38,PREMIUM
105,Brad Allen,moorericky@example.net,2024-02-15 06:17:08,PREMIUM
106,Doris Hall,jacqueline71@example.net,2025-06-16 13:41:39,VIP
107,Dennis Moody,ronaldstephens@example.net,2024-01-06 12:24:52,PREMIUM
108,Derek Thomas,martinkyle@example.net,2023-07-05 01:58:53,PREMIUM
109,Tammy Gonzales,sbarker@example.com,2024-10-29 01:32:36,PREMIUM
110,Kathryn Snyder,georgepamela@example.net,2024-02-11 00:41:26,REGULAR
111,David Davis,keyemily@example.com,2022-12-02 20:11:38,REGULAR
112,Pamela Thompson,lmoon@example.net,2026-01-02 09:11:30,REGULAR
113,Robert Costa,vbailey@example.com,2025-12-01 02:41:49,REGULAR
114,Shannon Rivera,zroberts@example.net,2023-12-09 02:44:59,REGULAR
115,Brandon King,cordovarichard@example.net,2025-05-22 23:46:37,REGULAR
116,April Booth,mgutierrez@example.net,2024-05-17 05:04:05,REGULAR
117,Peter Garrett,harrisandrea@example.com,2024-10-25 20:19:25,VIP
118,Michael Martinez,jennifercollins@example.org,2024-03-22 13:37:00,REGULAR
119,Anna Gay,murraydavid@example.org,2024-04-04 18:36:24,REGULAR
120,Dr. Jordan Hill PhD,jsanchez@example.org,2024-12-10 00:17:56,PREMIUM
121,Thomas Romero,michellehill@example.com,2026-05-08 22:28:02,REGULAR
122,Richard Adams,campbellkenneth@example.net,2023-08-14 13:18:02,REGULAR
123,Mary Grimes,wryan@example.com,2022-01-06 06:06:38,REGULAR
124,Kimberly Gibson,molly39@example.com,2023-09-05 04:00:15,REGULAR
125,Reginald Williams,zthornton@example.com,2024-10-22 21:29:56,PREMIUM
126,Matthew Hoover,tylerjohnson@example.net,2023-01-23 04:44:13,PREMIUM
127,Evelyn Garcia,dgarcia@example.org,2024-08-18 21:56:09,PREMIUM
128,Jennifer Pena,charlesharrington@example.com,2024-07-07 13:38:58,REGULAR
129,Michael Santos,melissa86@example.com,2025-03-23 23:07:15,PREMIUM
130,Stacy Freeman,williamsonjimmy@example.net,2024-07-24 00:26:57,REGULAR
131,Yolanda Francis,wgood@example.net,2024-08-02 02:33:31,REGULAR
132,Ashlee Jackson,rebecca05@example.org,2024-09-28 04:38:39,REGULAR
133,James Thomas,yknight@example.org,2023-10-26 22:43:53,REGULAR
134,Bob Pitts,tyleraguilar@example.org,2023-06-12 05:06:26,PREMIUM
135,David Scott,nolansteven@example.com,2024-11-07 09:26:53,REGULAR
136,Brooke Alexander,vanessa46@example.net,2023-12-31 17:04:18,PREMIUM
137,Ryan Gonzalez,gcastaneda@example.org,2023-09-11 16:12:14,REGULAR
138,Ian Phillips,andrew64@example.org,2026-01-16 04:44:00,PREMIUM
139,Melissa Garner,lozanojulie@example.com,2025-11-15 22:17:26,REGULAR
140,Crystal Pham,danaoliver@example.net,2023-08-28 02:08:30,PREMIUM
141,Patricia Becker,courtneyberger@example.net,2025-05-26 16:16:38,REGULAR
142,Richard Johnson,jessica14@example.com,2022-01-18 05:27:04,PREMIUM
143,Casey Anderson,alyssa42@example.com,2022-11-28 03:43:29,PREMIUM
144,Terry Coffey,julie51@example.com,2026-05-29 05:43:45,REGULAR
145,Brenda Levy,zcoffey@example.net,2023-01-13 01:09:11,REGULAR
146,Richard Smith,gibsonemily@example.net,2024-09-12 19:27:01,VIP
147,James Little,daniel37@example.org,2026-04-18 06:59:16,REGULAR
148,Terri Murphy,deborahreid@example.com,2025-10-17 09:43:42,PREMIUM
149,Elizabeth Ortiz,brandonjohnson@example.com,2026-01-14 18:17:28,REGULAR
150,David Medina,qchavez@example.net,2024-05-11 13:49:58,PREMIUM
151,Kimberly Matthews,nicolepena@example.com,2024-01-14 07:27:53,REGULAR
152,Teresa Ramirez,jeff73@example.com,2024-06-06 17:26:07,REGULAR
153,Michael Stephens,bruce43@example.org,2022-09-08 08:18:20,REGULAR
154,Samantha Davis,darleneharper@example.org,2023-04-20 17:59:10,PREMIUM
155,Gavin Zhang,caseyhubbard@example.org,2025-06-20 08:48:43,REGULAR
156,Robin Hall,kristinacarlson@example.com,2022-07-13 10:52:05,REGULAR
157,Brianna Anderson,lauren10@example.org,2022-03-02 16:24:28,PREMIUM
158,Richard Young,alfred40@example.org,2025-03-27 19:15:55,REGULAR
159,Kelly Reese,xwest@example.net,2024-07-16 18:10:23,PREMIUM
160,Jodi Walker,acostaregina@example.net,2025-07-25 20:29:28,REGULAR
161,Judith Maynard,lutzmelanie@example.com,2023-11-17 04:33:24,REGULAR
162,Katherine Browning,lammarc@example.org,2026-02-17 20:05:31,REGULAR
163,Donald Schultz,oscar98@example.com,2025-06-10 04:02:09,PREMIUM
164,Larry Garcia,farrelldebra@example.net,2023-02-01 12:37:04,VIP
165,Cindy Hayes,robertwilcox@example.com,2025-05-09 04:16:46,REGULAR
166,Brandon Simmons,nicholas27@example.org,2022-09-18 19:34:34,PREMIUM
167,Bradley Reynolds,lisa80@example.net,2025-12-05 10:43:53,REGULAR
168,Kristina Santiago,qgomez@example.com,2024-10-14 01:11:02,REGULAR
169,Michelle Schmitt,michael98@example.org,2025-03-23 21:41:58,REGULAR
170,John Boone,megan51@example.com,2025-08-02 18:09:07,REGULAR
171,Renee Bruce,lynchdiane@example.net,2022-03-02 05:19:20,PREMIUM
172,Christopher Park,sandra50@example.org,2024-12-23 06:56:04,REGULAR
173,Kylie Morales,joycebonilla@example.org,2022-05-06 01:51:51,PREMIUM
174,Cindy Barnes,eric45@example.net,2023-09-12 09:24:35,PREMIUM
175,Sophia Moore,craigjoseph@example.net,2024-01-12 03:12:00,REGULAR
176,Lawrence Perry,kariwilson@example.com,2023-11-09 04:36:51,REGULAR
177,Michael Watkins,brandon69@example.org,2025-02-20 02:49:04,REGULAR
178,Eric Clark,kathrynroberts@example.org,2022-12-22 20:11:22,PREMIUM
179,Paul Thompson,opatel@example.net,2024-08-24 08:44:34,REGULAR
180,Mary Gomez,chensley@example.com,2024-08-27 05:13:05,REGULAR
181,Thomas Atkins,tberry@example.net,2025-03-12 00:54:54,REGULAR
182,Brian Smith,george97@example.net,2022-08-25 02:42:28,REGULAR
183,Anita Richard,ryanmorales@example.org,2024-01-25 12:09:45,REGULAR
184,Eric Morgan,kimberly18@example.net,2023-01-12 02:31:10,PREMIUM
185,Jordan Bullock,michael23@example.org,2022-05-08 14:20:11,REGULAR
186,Craig Morrison,thompsonkendra@example.com,2025-02-25 07:46:03,REGULAR
187,Justin Riley,michelle52@example.com,2022-02-09 07:24:44,PREMIUM
188,Jeremy Turner,brittany58@example.org,2022-11-24 21:32:54,REGULAR
189,Jesse Brown,chase19@example.net,2025-11-29 08:39:01,PREMIUM
190,Julie Spencer,colelisa@example.net,2024-04-19 02:48:10,PREMIUM
191,Larry Mason,hayeslisa@example.com,2026-02-11 04:11:13,REGULAR
192,Mrs. Maria Williams,hritter@example.net,2024-04-13 21:01:19,REGULAR
193,Helen Hardin,vortiz@example.net,2022-09-27 06:03:14,REGULAR
194,Rachel Holland,riveraangela@example.com,2025-12-14 19:10:29,REGULAR
195,Nathaniel Douglas,mathewaguilar@example.org,2024-11-11 03:33:01,REGULAR
196,Emily Douglas,tanderson@example.org,2023-07-19 22:57:44,REGULAR
197,James Conner,elizabethcalderon@example.net,2024-03-13 16:09:07,REGULAR
198,Susan Davis DDS,andrew42@example.org,2024-05-08 08:04:41,REGULAR
199,Ralph Lee,ericphillips@example.org,2023-08-17 14:11:59,REGULAR
200,Kimberly Rodgers,stanleynancy@example.net,2026-02-26 23:00:17,REGULAR
201,James Martin,jenniferwilliams@example.com,2026-01-19 04:04:30,PREMIUM
202,Cynthia Wallace,karen73@example.net,2022-02-23 13:45:03,REGULAR
203,Vincent Mueller,michealvalentine@example.com,2024-01-26 22:08:52,REGULAR
204,Douglas Reyes,mburch@example.net,2026-01-10 08:51:35,REGULAR
205,David Davidson,angela18@example.org,2024-10-24 17:35:13,REGULAR
206,Phillip Nelson,mariahdavis@example.org,2024-08-10 15:28:02,REGULAR
207,Stacey Arias,gbrown@example.com,2023-08-22 08:07:32,REGULAR
208,Zachary Brooks,florescory@example.net,2023-07-30 05:46:23,REGULAR
209,Raven Taylor,samantha72@example.net,2024-05-09 01:18:23,PREMIUM
210,Luis Bullock,scottmary@example.net,2024-05-29 05:54:44,VIP
211,Lisa Henderson,john10@example.org,2024-07-09 09:44:14,REGULAR
212,Riley Bryant,copelandvincent@example.net,2022-02-13 22:58:42,PREMIUM
213,Jose Allen,kellysmith@example.com,2022-05-22 09:53:47,VIP
214,Jason Beck,millsmichael@example.net,2023-01-28 08:04:52,PREMIUM
215,Rachel Romero,myerstheodore@example.net,2022-11-15 17:29:20,PREMIUM
216,James Burgess,kristina53@example.net,2025-12-29 08:46:22,REGULAR
217,Ashley Perkins,dennis58@example.com,2022-06-09 14:55:33,REGULAR
218,Carrie Maxwell,epollard@example.net,2022-12-21 10:57:12,PREMIUM
219,Chad Baldwin,mjohnson@example.org,2022-08-19 03:58:01,REGULAR
220,Stacey Stewart,zachary87@example.com,2023-04-17 09:35:09,REGULAR
221,Matthew Mitchell,glennmartin@example.org,2024-08-01 23:37:05,REGULAR
222,Jessica Ross,ykline@example.com,2025-07-17 00:11:02,PREMIUM
223,Kathleen Jimenez,laurie61@example.com,2023-12-03 04:27:08,PREMIUM
224,Samantha Gardner,curtis54@example.com,2025-10-07 11:40:14,REGULAR
225,Mitchell Jackson,cbell@example.net,2025-08-25 07:52:12,REGULAR
226,Heather Bolton,danielle01@example.net,2022-11-05 07:23:28,VIP
227,Heidi Owen,stephaniethomas@example.net,2023-10-18 15:10:45,REGULAR
228,Jessica Martinez,kimberlydiaz@example.com,2024-01-16 05:38:38,REGULAR
229,Amanda Hernandez,xrush@example.com,2022-01-09 07:30:59,REGULAR
230,Laura Moreno,redwards@example.org,2025-12-30 23:12:50,REGULAR
231,Allison Lopez,hmcintyre@example.com,2024-05-28 09:00:35,PREMIUM
232,Michele Lewis,heather73@example.org,2023-12-27 05:20:24,VIP
233,Benjamin Thompson,zosborn@example.net,2023-09-07 14:28:11,REGULAR
234,Victoria Contreras,piercekelly@example.com,2023-04-08 21:27:16,VIP
235,Michelle Ho,laurahicks@example.org,2022-08-10 20:42:12,REGULAR
236,Dr. Cynthia Snyder,angela57@example.net,2024-06-15 16:21:55,REGULAR
237,Stephen Jones,ukey@example.com,2024-08-02 18:40:56,PREMIUM
238,Patricia Morrow,martinezlogan@example.org,2026-04-04 21:54:37,REGULAR
239,Michael Cooper,katrinaanderson@example.net,2022-05-04 20:14:07,PREMIUM
240,Amy Martinez,kevinmartin@example.net,2024-02-17 20:47:02,REGULAR
241,Travis Stone,meghan43@example.net,2022-03-06 10:53:35,VIP
242,Denise Weber,shawgary@example.net,2024-04-17 08:11:54,REGULAR
243,Matthew Le,megan90@example.org,2023-06-29 07:10:03,REGULAR
244,Travis Wise,debra96@example.net,2024-05-14 04:51:27,REGULAR
245,Kathleen Burton,dawn47@example.org,2026-03-08 17:43:59,VIP
246,Melinda Evans,barkereric@example.com,2025-06-22 16:38:27,REGULAR
247,Mr. Lawrence Edwards,jessica56@example.org,2023-05-15 15:58:13,REGULAR
248,Kayla Rodriguez,stevenadams@example.org,2024-06-14 11:04:35,PREMIUM
249,Anthony Dougherty,kwright@example.com,2022-04-25 00:20:11,REGULAR
250,Michelle Lee,tyronerobertson@example.com,2024-10-01 09:02:26,REGULAR
251,Kathleen Davis,pwagner@example.org,2026-05-18 19:04:39,PREMIUM
252,Amber Campbell,amitchell@,2025-07-07 21:58:21,REGULAR
253,Stephen Luna,zdiaz@example.org,2026-03-29 18:20:22,PREMIUM
254,Chloe Tran,hughesshannon@example.net,2023-09-25 10:24:09,REGULAR
255,William Becker,andersoncolin@example.com,2024-06-13 21:00:35,REGULAR
256,Gina Mcmillan,jameshicks@example.net,2023-01-13 06:11:07,REGULAR
257,Andrew Reeves,jstone@example.net,2024-01-14 11:18:43,PREMIUM
258,Brenda Velazquez,francisco94@example.net,2022-02-12 11:38:31,REGULAR
259,Ronald Patel,thomas05@example.com,2022-12-19 12:16:27,REGULAR
260,Veronica Silva,carlsonjoseph@example.net,2023-04-24 08:55:08,REGULAR
261,Paula Lane,silvageorge@example.net,2026-05-01 00:14:51,PREMIUM
262,Patricia James,anthonyvaughan@example.org,2026-02-08 01:46:33,VIP
263,Jeremy Barnes,avaughn@example.net,2023-03-26 09:17:12,REGULAR
264,Tami Salas,thorntonapril@example.net,2026-04-29 01:11:15,PREMIUM
265,Matthew Fox,sue78@example.com,2022-08-05 21:25:01,REGULAR
266,Megan Dillon,chelsea33@example.com,2025-07-13 04:20:58,REGULAR
267,Courtney Dudley,kellie37@example.com,2024-04-10 01:50:14,PREMIUM
268,Justin Michael,keith98@example.com,2024-07-16 13:56:15,PREMIUM
269,Jennifer Reed,kellyroberts@example.net,2026-03-02 06:13:48,PREMIUM
270,Thomas Douglas,ilewis@example.com,2026-02-13 19:06:41,REGULAR
271,Melissa Taylor,johnsantiago@example.net,2025-03-17 22:49:13,REGULAR
272,David Garcia,jennifer12@example.org,2023-08-10 02:56:25,VIP
273,Vanessa Moore,mwoods@example.com,2025-04-04 20:22:34,REGULAR
274,Matthew Velez,pearsonjesse@example.net,2022-05-16 14:34:42,REGULAR
275,Taylor Gentry,robertmonroe@example.org,2025-03-30 10:39:17,REGULAR
276,Jennifer Simpson DVM,nancy04@example.net,2023-04-18 13:47:40,REGULAR
277,Tanya Rogers,ihays@example.net,2026-04-10 13:32:33,VIP
278,Todd Rosales MD,lisarivera@example.net,2022-11-08 19:43:36,PREMIUM
279,David Lopez,krystal93@example.org,2025-11-20 15:01:37,REGULAR
280,Margaret Sullivan,frobertson@example.com,2023-04-25 14:00:24,REGULAR
281,Cathy Taylor,shari04@example.com,2024-04-03 09:31:51,REGULAR
282,Paul Finley,brandi90@example.com,2022-09-07 12:44:39,PREMIUM
283,Melissa Brown,marshallerik@example.net,2025-03-26 15:33:15,VIP
284,Stephanie Padilla,hannah45@example.net,2026-02-25 00:00:04,PREMIUM
285,Tyler Mendoza,madkins@example.com,2022-08-01 13:49:14,REGULAR
286,Joshua Ruiz,kathleenbecker@example.net,2024-06-11 20:31:53,VIP
287,Angela Griffin,christian91@example.org,2025-09-10 07:15:28,VIP
288,Stephanie Harris,franklinbond@example.com,2022-11-09 06:21:46,REGULAR
289,Daniel Aguilar,nolansean@example.org,2022-03-31 22:27:49,REGULAR
290,Jose Bryant,hansenemily@example.com,2024-06-30 11:05:13,REGULAR
291,Jennifer Velasquez,bethwilliams@example.com,2024-01-29 16:40:49,REGULAR
292,Kimberly Brown,andersenthomas@example.com,2023-07-14 10:00:53,REGULAR
293,Randy Cannon,ybrooks@example.com,2025-04-03 12:34:13,PREMIUM
294,Susan Bennett,desireebailey@example.org,2023-03-21 15:37:51,REGULAR
295,Jenna Anderson DVM,avilatiffany@example.com,2025-11-28 20:03:36,REGULAR
296,Kimberly Patel,johnreed@,2024-06-12 15:22:16,PREMIUM
297,Shaun Cannon,pachecorobert@example.org,2025-10-04 09:45:35,VIP
298,Austin Wheeler,tharper@example.org,2024-07-18 10:33:26,PREMIUM
299,Andrew Gonzales,karenparsons@example.org,2024-02-17 00:40:31,REGULAR
300,Donna Cabrera,barbara53@example.com,2025-04-10 04:48:26,PREMIUM
301,Victoria Boyd,dturner@example.net,2025-03-30 20:34:58,REGULAR
302,Sheryl Buck,dpeters@example.com,2024-07-06 06:00:03,REGULAR
303,Megan Floyd,heather62@example.com,2025-05-14 17:24:55,REGULAR
304,Paul Wells,kevinzimmerman@example.com,2022-06-02 09:00:14,VIP
305,Kristina Faulkner,paulscott@example.com,2024-06-08 04:10:57,PREMIUM
306,Tammy Boone,nicholsmaria@example.org,2024-12-30 14:57:16,REGULAR
307,Michael Morrison,lopezkathleen@example.net,2024-02-18 16:05:18,PREMIUM
308,Claire Clark,kevin03@example.org,2023-03-01 22:59:56,PREMIUM
309,Autumn Key,srocha@example.net,2022-05-03 11:33:37,REGULAR
310,Jennifer Allen,kimberly67@example.net,2025-02-07 14:01:31,PREMIUM
311,Elizabeth Ward,zowens@example.net,2024-07-05 21:01:49,REGULAR
312,Ryan Rocha,lawrence09@example.org,2023-09-16 20:20:43,REGULAR
313,Alexis Tran,mphillips@example.com,2025-02-10 16:18:53,REGULAR
314,Kelly Sanchez,jonathan77@example.com,2023-05-27 05:19:17,REGULAR
315,Robert Jackson,iwhite@example.net,2026-02-06 01:10:41,VIP
316,Kelly Combs,landryelizabeth@example.org,2024-11-18 08:26:23,PREMIUM
317,Ryan Hall,albertwagner@example.com,2022-08-22 22:43:38,REGULAR
318,Mark Peck,bhopkins@example.org,2025-05-19 17:08:55,VIP
319,Jennifer Smith,amanda40@example.net,2025-02-10 10:09:53,REGULAR
320,Megan Drake,danieldavis@example.org,2024-04-01 15:27:39,REGULAR
321,Manuel King,joseph61@example.com,2024-03-25 12:10:17,REGULAR
322,Judy Sanchez,kevinclayton@example.org,2025-02-28 03:04:56,REGULAR
323,Shannon Malone,sullivannicholas@example.com,2022-03-19 17:58:22,PREMIUM
324,Adam Jackson,pbruce@example.com,2024-10-16 01:55:14,VIP
325,Shannon Davis,hallrachel@example.net,2022-07-16 09:48:14,PREMIUM
326,Karen Williams,cohenjuan@example.net,2024-07-27 20:55:56,PREMIUM
327,Amanda Mcfarland,alexis39@example.org,2022-05-21 21:18:11,VIP
328,Michelle Sanders,evansanne@example.net,2026-03-11 12:45:14,REGULAR
329,Jasmine Mosley,patrick21@example.net,2023-02-26 11:50:40,REGULAR
330,Haley Davis,marypeterson@example.net,2025-07-26 04:21:21,REGULAR
331,Jennifer Ayala,walterskristen@example.com,2025-07-13 00:01:57,PREMIUM
332,Henry Pugh MD,nmiller@example.com,2025-06-21 23:19:33,VIP
333,Michelle Miller,normanbowers@example.org,2025-02-25 04:42:59,REGULAR
334,Emily Rodriguez,hahnsean@example.com,2024-01-04 13:50:03,PREMIUM
335,Brandon Jordan,fgarcia@example.com,2025-02-15 06:28:46,REGULAR
336,Linda Mueller,asmith@example.com,2025-01-19 08:39:37,REGULAR
337,Misty Hansen,ashleyjackson@example.com,2023-01-15 12:53:19,VIP
338,Derrick Adams,bryanhamilton@example.com,2022-10-12 19:39:56,PREMIUM
339,Richard Ward,jennifersimpson@example.net,2022-03-08 08:31:38,REGULAR
340,Brian Torres,ncook@example.com,2023-01-27 05:33:54,PREMIUM
341,Erin Cook,kevinmorrison@example.net,2023-10-06 14:46:23,REGULAR
342,Ernest Oconnell,kelly79@example.org,2023-12-25 21:38:26,REGULAR
343,Douglas Hartman,daniel93@example.net,2022-01-09 19:26:02,REGULAR
344,Catherine Saunders MD,nhahn@example.com,2023-02-08 20:54:57,REGULAR
345,Sandra Jones,ichambers@example.net,2022-12-08 12:42:08,PREMIUM
346,David Moore,emccormick@example.com,2022-02-16 04:03:58,REGULAR
347,Karen Morales DDS,ystephens@example.com,2024-10-02 22:09:01,REGULAR
348,Robin Wheeler,rodriguezjohn@example.net,2023-01-29 19:48:06,PREMIUM
349,Matthew Williams,vrasmussen@example.com,2022-07-17 11:13:50,REGULAR
350,Brett Walker,seanmyers@example.net,2026-05-14 13:47:44,REGULAR
351,Kathryn Cooper,webbkenneth@example.org,2023-11-20 07:56:48,VIP
352,Todd Thomas,matthew38@example.com,2024-07-26 03:11:15,REGULAR
353,Brent Bowen,tflores@example.org,2022-07-08 23:28:14,VIP
354,Ashley Sweeney,byrdfrank@example.net,2025-08-17 09:15:53,PREMIUM
355,Christopher Moore,omullen@example.com,2025-10-10 02:24:16,REGULAR
356,Charlotte Sandoval,njohnson@example.org,2023-04-06 20:34:19,REGULAR
357,Jeffrey Smith,jamiegoodwin@example.org,2024-10-07 07:35:03,REGULAR
358,Rebecca Herrera,mark71@example.com,2024-07-05 05:10:11,REGULAR
359,Katherine Church,candice96@example.net,2022-11-05 03:16:54,PREMIUM
360,Harold Ellis,lisamccarthy@example.com,2023-10-31 01:16:54,REGULAR
361,Leslie Powers,david41@example.org,2025-07-09 16:10:35,REGULAR
362,Charles Price,baileyhenderson@example.com,2025-07-16 10:26:11,PREMIUM
363,Melissa Brewer,angelaburns@example.org,2024-08-28 23:26:47,PREMIUM
364,Ryan Harvey,stephanie72@example.org,2023-04-20 05:34:58,PREMIUM
365,Tracey Wagner,fortiz@example.com,2022-10-11 10:12:46,PREMIUM
366,Jill Jackson,flynnjeffrey@example.org,2022-10-28 00:21:56,PREMIUM
367,Joshua Jackson,xcunningham@example.com,2023-02-09 06:06:41,REGULAR
368,Ashley Wilson,amber07@example.net,2024-10-21 04:11:08,PREMIUM
369,Jeffery Fitzgerald,kennethkidd@example.com,2025-08-07 00:27:27,PREMIUM
370,Scott Miller,rowejoel@example.net,2024-06-12 15:12:10,PREMIUM
371,Heather Page,imartin@example.org,2026-04-26 11:25:19,REGULAR
372,Renee Hudson,candice25@example.net,2023-11-28 16:54:32,PREMIUM
373,Kenneth Farley,taylorkaren@example.com,2025-02-15 23:20:18,REGULAR
374,Wendy Camacho,jacquelineanderson@example.org,2023-12-04 15:38:39,PREMIUM
375,Sandra Juarez,kburns@example.net,2022-03-23 13:37:39,PREMIUM
376,Jason Hayes,powellkara@example.net,2024-04-10 22:20:52,REGULAR
377,Jackie Clements,brandi17@example.net,2024-08-17 23:34:04,VIP
378,Heather Brown,brobinson@example.org,2023-07-18 14:34:43,PREMIUM
379,Frank Campbell MD,ashleewashington@example.com,2025-05-30 04:38:49,REGULAR
380,Pamela Williams,ksmith@example.com,2022-04-06 05:57:32,REGULAR
381,William Patterson,nicoleturner@example.com,2025-03-14 19:05:16,REGULAR
382,Isaac Miller,brettgarrett@example.net,2025-02-23 17:09:30,REGULAR
383,Cynthia Rios,smiththomas@example.org,2022-09-21 22:51:21,PREMIUM
384,Kelly Wallace,dominguezlisa@example.com,2022-06-04 14:33:36,PREMIUM
385,Karen Perez,crosscurtis@example.com,2025-08-10 08:49:58,REGULAR
386,Edwin Reyes,darlenebyrd@example.org,2024-04-28 16:47:46,REGULAR
387,Alejandra Santos,nbell@example.net,2024-12-08 09:57:12,REGULAR
388,Tamara Jensen,fheath@example.org,2026-02-20 21:58:04,REGULAR
389,Bryce Blair,sylvia52@example.org,2023-11-17 03:02:47,REGULAR
390,Bradley Tran,kimberly04@example.org,2022-01-24 21:11:26,REGULAR
391,Katrina Adkins,debbie37@example.com,2023-03-03 08:58:06,PREMIUM
392,Jonathan Wheeler,hatfieldsarah@example.org,2023-01-08 18:40:53,REGULAR
393,Ryan Fisher,kathrynbest@example.org,2023-06-30 20:45:15,REGULAR
394,Austin Baker,livingstonstacy@example.com,2023-12-16 22:17:54,REGULAR
395,Lori Mason,zhenderson@example.org,2025-01-05 08:37:06,REGULAR
396,Kimberly Hernandez,collinswilliam@example.org,2022-05-12 10:17:07,REGULAR
397,Brittney Murphy,collinssamuel@example.org,2022-08-30 21:51:24,PREMIUM
398,Brandon Hamilton,dsalazar@example.com,2025-06-10 11:57:20,PREMIUM
399,Mary Thompson,zimmermanjacqueline@example.org,2022-12-24 19:56:57,REGULAR
400,Gregory Holmes PhD,gary24@example.net,2023-06-18 23:47:35,PREMIUM
401,Patricia Johnson,enelson@example.com,2025-01-29 05:41:32,REGULAR
402,Laura Jones,ddixon@example.com,2024-01-26 22:59:28,REGULAR
403,Carol Moore,shannonemily@example.org,2022-09-02 08:21:07,REGULAR
404,Jordan Williams,sanchezthomas@example.com,2024-11-20 19:56:43,REGULAR
405,Cassidy Horne,tranrobin@example.net,2022-08-26 07:15:32,REGULAR
406,Courtney Wright,joseph19@example.com,2026-05-04 08:46:54,REGULAR
407,Michael Williams,lindajarvis@example.com,2024-12-26 19:53:36,PREMIUM
408,John Campbell,mark87@example.org,2023-04-04 20:33:08,REGULAR
409,Eddie Mueller,stevenvargas@example.com,2023-09-05 21:39:06,REGULAR
410,Dr. Morgan Payne PhD,adamortiz@example.org,2022-08-23 02:44:50,REGULAR
411,Makayla Steele,tapiaaaron@example.net,2026-03-16 04:02:09,REGULAR
412,Oscar Parker,alyssaallen@example.com,2025-10-26 16:48:07,PREMIUM
413,Valerie Thomas,christopher38@example.com,2024-10-01 04:09:10,PREMIUM
414,Jacqueline Villegas,carpenterwilliam@example.net,2023-04-15 00:11:58,REGULAR
415,Angela Bradley,ibates@example.org,2024-07-29 19:55:41,PREMIUM
416,Samuel Howe,vhaynes@example.com,2024-12-29 10:42:50,REGULAR
417,Dillon Jones,derekcarrillo@example.org,2025-11-05 01:08:25,REGULAR
418,Christopher Owens,wmartinez@example.org,2024-06-10 22:00:54,REGULAR
419,John Phelps,mooregina@example.net,2022-10-08 12:59:43,PREMIUM
420,Amanda Huff,eddie35@example.com,2025-12-08 14:16:54,REGULAR
421,Megan Green,anthonysullivan@example.com,2022-05-08 10:52:30,REGULAR
422,Krista Davis,laradonald@example.org,2023-08-08 20:09:07,REGULAR
423,Richard Walker,madisonwatson@example.net,2023-04-14 17:01:00,VIP
424,Angela Willis,johnsoncaleb@example.net,2024-12-03 00:34:35,VIP
425,Carl Stein,david70@example.org,2023-06-21 02:55:30,REGULAR
426,Jessica Ramsey,rjohnson@example.com,2025-09-27 05:39:49,REGULAR
427,Daniel Lopez,sean20@example.net,2025-02-04 14:11:54,REGULAR
428,Danielle Phillips,eandrade@example.org,2025-06-24 00:03:18,PREMIUM
429,James Barnes,crystalpham@example.org,2022-06-12 16:39:20,PREMIUM
430,Rachael Howard DDS,kcooper@example.net,2022-07-24 18:44:39,REGULAR
431,Devin Johnson,anthonycochran@example.com,2025-04-16 00:18:58,REGULAR
432,William Moreno,terrigarcia@example.net,2023-04-13 04:38:52,REGULAR
433,Joseph Moody,gallagherstacie@example.net,2023-03-16 09:39:51,VIP
434,Rebecca Kelly,gregorywatkins@example.net,2025-05-02 18:30:20,REGULAR
435,Suzanne Johnson,stacey92@example.net,2022-09-21 05:06:27,REGULAR
436,Sara Cochran,lweaver@example.com,2024-10-17 12:59:13,PREMIUM
437,Anthony Guzman,foxaaron@example.net,2022-10-18 08:21:29,PREMIUM
438,Carlos Love,brian29@example.net,2025-01-29 03:51:30,REGULAR
439,Patricia Mathis,susan56@example.net,2023-10-28 11:21:45,REGULAR
440,Eric Taylor,jessicakim@example.net,2023-08-20 12:56:52,REGULAR
441,Marie Thompson,jeffrey92@example.com,2022-08-28 17:50:45,REGULAR
442,Michael Anderson,rushstacy@example.com,2026-04-27 08:05:19,PREMIUM
443,Patricia Bradley,carriemccall@example.net,2022-04-28 06:39:24,PREMIUM
444,Keith Zuniga,markmiller@example.com,2023-02-12 03:43:29,REGULAR
445,Mrs. Stacey Davis,sean43@example.org,2023-07-16 20:51:08,PREMIUM
446,Hayley Buchanan,williamssamuel@example.com,2023-05-30 07:29:41,PREMIUM
447,Stacey Snyder,ybell@example.org,2025-02-05 20:07:58,PREMIUM
448,Rachel Lane,franciscojones@example.org,2025-10-12 01:51:22,PREMIUM
449,Fernando Lynn,petersonpamela@example.org,2025-10-26 18:29:42,REGULAR
450,Kimberly Villanueva,morgantricia@example.com,2025-12-28 04:20:16,VIP
451,Jessica Valdez,gmoore@example.com,2025-09-30 21:19:25,REGULAR
452,Colton Terry,donna43@example.org,2025-04-01 10:28:21,REGULAR
453,Kenneth Larsen,briansmith@example.org,2023-05-19 11:55:59,PREMIUM
454,Matthew Greene,collinclark@example.net,2023-03-06 23:44:32,PREMIUM
455,Bradley Anthony,kristen77@example.net,2026-02-02 03:26:11,PREMIUM
456,Martin Hughes,nicole52@example.com,2022-11-15 17:38:40,PREMIUM
457,Jeremiah Baker,anne21@example.org,2023-01-23 08:38:54,REGULAR
458,Rhonda Gutierrez,angelarandall@example.net,2024-04-27 12:47:36,REGULAR
459,Joseph Camacho,parmstrong@example.com,2025-09-21 04:19:07,REGULAR
460,James Nash,shawrachel@example.net,2025-11-02 14:32:27,PREMIUM
461,Lisa Martinez,kthompson@example.org,2025-07-13 00:57:21,REGULAR
462,Beth Henderson,oharris@example.org,2024-01-03 12:53:14,REGULAR
463,Deanna Bartlett,millerangela@example.net,2023-11-29 14:49:25,REGULAR
464,Donald Ellis,buchanancindy@example.net,2024-11-07 17:03:38,PREMIUM
465,Ashley Hernandez,buckleyanna@example.org,2024-06-10 07:16:41,VIP
466,Sharon Beard,pbaker@example.com,2023-03-08 05:07:59,PREMIUM
467,Kara Jackson,mthomas@example.net,2022-01-17 07:33:26,VIP
468,Amanda Preston,hannah07example.com,2023-04-10 12:59:27,REGULAR
469,Alicia Roth,larry71@example.org,2025-08-08 00:09:45,REGULAR
470,William Ramos,joseph69@example.net,2024-07-24 15:27:39,REGULAR
471,Jeremy Mcintyre,wfigueroa@example.net,2025-11-21 04:51:43,REGULAR
472,Samantha Robertson,cameronmckinney@example.com,2026-04-02 21:58:04,REGULAR
473,Samuel Suarez,thompsonnancyexample.org,2023-03-23 01:51:55,REGULAR
474,Danielle Bryant,janet45@,2024-01-18 09:46:11,REGULAR
475,Madison Martinez,allentracy@example.com,2022-09-23 23:50:20,REGULAR
476,Seth Matthews,max41@example.com,2026-04-26 05:05:41,PREMIUM
477,Anthony Nash,mercedesholland@example.net,2022-03-05 04:14:08,REGULAR
478,Matthew Palmer,wellsdavid@example.org,2025-04-16 23:57:42,VIP
479,Alejandra King,jennifer46@example.com,2022-02-20 11:06:31,REGULAR
480,Judy Robinson,erica96@example.net,2024-01-20 03:39:06,PREMIUM
481,Jorge Bates,anna99@example.com,2024-10-30 02:23:04,REGULAR
482,Brian Brown,danielle44@example.net,2024-11-17 19:54:47,PREMIUM
483,Stephanie Evans,zacharyallen@example.org,2025-12-14 12:47:38,VIP
484,Rebekah Greene,erin07@example.com,2023-07-21 07:37:56,PREMIUM
485,Jason Price,aguilarwanda@example.org,2025-11-22 23:03:46,REGULAR
486,Micheal Parks,qknox@example.com,2023-09-12 17:32:55,PREMIUM
487,Sarah Pittman,kellyruiz@example.net,2024-08-21 08:56:01,REGULAR
488,Robert Hines,staceylam@example.net,2026-01-10 19:14:42,REGULAR
489,Henry Garner,robert55@example.com,2023-08-17 17:42:17,REGULAR
490,Julie Wilson,delacruzbrandy@example.net,2022-05-29 12:31:36,PREMIUM
491,Steve Mason,amoreno@example.org,2023-01-22 17:31:44,PREMIUM
492,Brittany Gay,robert97@example.org,2025-05-27 19:47:07,PREMIUM
493,Mike Maxwell,lcook@example.com,2025-04-16 06:19:25,REGULAR
494,Abigail Hill,barbaramoore@example.org,2026-03-26 18:01:58,REGULAR
495,Jeffrey Jordan,ysanford@example.org,2024-04-08 16:08:10,PREMIUM
496,Curtis Watson,mcclainkatherine@example.net,2022-09-03 05:13:26,REGULAR
497,Michael Sims,jeremywiley@example.com,2023-07-15 15:48:38,REGULAR
498,James Chapman,cameronwilliams@example.com,2022-09-06 18:22:15,REGULAR
499,Joseph Warren,ibarron@example.com,2025-10-17 09:53:20,PREMIUM
500,Katherine Christensen MD,osmith@example.net,2025-10-11 04:12:29,REGULAR
501,Mrs. Alison Wagner,richardsondebra@example.org,2024-12-31 08:43:39,PREMIUM
502,Martin Wise,wheelerbrandon@example.org,2022-06-28 04:55:39,REGULAR
503,Alicia Norris,hwallace@example.net,2025-02-02 18:26:29,REGULAR
504,Michael Harris,turnerdorothy@example.net,2023-05-13 01:28:28,VIP
505,Lisa Haynes,grivas@example.net,2025-09-23 08:32:02,REGULAR
506,Autumn Wilson,jimenezchelsea@example.com,2025-02-12 03:25:50,REGULAR
507,Valerie Howard,cphillips@example.net,2022-04-11 14:49:28,PREMIUM
508,Daniel Fitzpatrick MD,smithchristopher@example.org,2025-02-26 13:07:07,REGULAR
509,Maureen Hernandez,chancharles@example.net,2023-03-04 19:17:28,REGULAR
510,David Hall,joseph01@example.org,2024-05-15 20:36:55,REGULAR
511,Sarah Ward,ronald11@example.org,2023-08-02 00:44:52,REGULAR
512,Charles Holland,michael79@example.com,2023-01-01 20:53:47,REGULAR
513,Anna Briggs,danielross@example.com,2025-10-18 12:32:06,REGULAR
514,James Jefferson,zbanks@example.org,2026-03-07 02:32:28,REGULAR
515,Michael Brown,dalepruitt@example.com,2022-08-19 01:43:13,REGULAR
516,Meghan White,nmaxwell@example.org,2025-10-14 21:53:44,VIP
517,Sheryl Acosta,timothyfreeman@example.com,2024-09-19 22:11:28,PREMIUM
518,Arthur Pena,busherica@example.net,2024-06-21 02:58:50,PREMIUM
519,Krystal Levine,april91@example.com,2023-06-25 21:09:59,PREMIUM
520,Danielle Reed,jhernandez@example.net,2023-01-13 01:26:24,VIP
521,Mason Moore,kchristian@example.org,2024-01-06 12:19:45,PREMIUM
522,Erica Rivera,brent38@example.net,2025-02-20 04:00:37,REGULAR
523,Robert Miller,csolis@example.org,2023-02-08 04:26:38,PREMIUM
524,Jillian Wilson,bmcgee@example.org,2024-08-18 22:23:15,REGULAR
525,Andrew Dunn,connersylvia@example.net,2026-01-27 03:51:26,REGULAR
526,Jordan Clark,xclements@example.org,2022-08-18 03:15:06,REGULAR
527,Sarah Rivera,xmoran@example.net,2022-08-19 10:08:40,REGULAR
528,Brent Hopkins,petersonmaria@example.com,2024-12-06 08:53:02,REGULAR
529,Jacqueline Rodriguez,travisunderwood@example.net,2023-07-20 08:09:17,PREMIUM
530,Ashley Carr,davidphelps@example.org,2026-04-12 08:14:29,VIP
531,Richard Love,shermanbrandon@example.net,2023-01-21 18:07:27,REGULAR
532,Leah Barton,lellis@example.net,2023-05-19 05:07:55,REGULAR
533,Jonathan Moreno,tranryan@example.net,2024-12-11 01:21:03,VIP
534,Mr. Thomas Thompson,jessicaanderson@example.com,2024-06-01 12:10:37,PREMIUM
535,Lisa Morris,mbarnes@example.net,2024-05-02 16:33:08,REGULAR
536,Denise Stuart,shawn22@example.com,2022-10-18 06:31:36,REGULAR
537,Stacey Hunt,jennifer83@example.org,2023-04-25 01:33:28,REGULAR
538,Miguel Parks,tinasantos@example.org,2024-11-14 22:44:27,PREMIUM
539,Melissa Morris,hodgesanna@example.net,2022-03-30 03:40:51,REGULAR
540,Mary Butler,natalie60@example.net,2024-04-02 06:10:28,PREMIUM
541,James Brown,gonzalezkaren@example.org,2025-07-18 06:57:42,PREMIUM
542,Miss Brianna Brown,james80@example.com,2024-06-18 23:29:03,PREMIUM
543,Ashley Parrish,juliahoffman@example.org,2024-01-31 19:25:12,PREMIUM
544,Rebecca Horton,housepaul@example.net,2024-07-13 02:16:37,REGULAR
545,Juan Smith,james73@example.net,2023-05-07 03:19:57,REGULAR
546,Maria Fischer,kimberlybrandt@example.com,2023-09-26 21:03:30,REGULAR
547,William Jones,jillwilson@example.org,2024-09-19 01:57:20,PREMIUM
548,Justin Anderson,adam72@example.org,2025-05-23 18:27:55,REGULAR
549,Frank Williams,tracy98@example.com,2022-11-26 21:38:53,REGULAR
550,Michael Fox,abigailhartman@example.org,2024-04-11 00:08:01,REGULAR
551,Joshua Davis,nicolealvarado@example.com,2022-06-07 05:24:14,REGULAR
552,Daniel Goodwin,wbarajas@example.net,2025-07-23 02:23:10,REGULAR
553,Michael Griffin,susanfleming@example.com,2023-05-12 04:04:11,PREMIUM
554,Robert Wilson,amber40@example.net,2024-08-29 13:42:52,REGULAR
555,Jaime Lang,stucker@example.net,2026-05-19 04:39:56,REGULAR
556,Jose Vaughan,teresaayala@example.net,2026-03-26 06:36:56,REGULAR
557,Austin Santiago,michellecoleman@example.org,2026-04-20 08:40:14,REGULAR
558,Ronald Johns,elucas@example.net,2025-01-01 09:45:55,REGULAR
559,Allison Love,millerbrian@example.com,2026-01-02 01:29:56,REGULAR
560,Laura Perez,rickey76example.com,2025-08-31 20:18:12,REGULAR
561,James Wilson,maychristine@example.net,2025-02-10 10:21:27,PREMIUM
562,Mercedes Jones,robertsgina@example.net,2025-05-29 13:31:51,REGULAR
563,Preston Kim,bshort@example.com,2025-01-31 07:43:54,REGULAR
564,Daniel Francis,susan24@example.net,2026-04-16 16:01:03,REGULAR
565,Traci Camacho,susan08@example.net,2023-01-05 03:11:30,REGULAR
566,Andrew Armstrong,fmedina@example.com,2025-03-05 11:41:05,PREMIUM
567,Patrick Swanson,robertbrewer@example.net,2025-02-09 21:35:13,PREMIUM
568,Clinton Jensen,james29@example.org,2026-05-01 18:55:34,REGULAR
569,Tara Gamble,enewman@example.com,2022-05-01 21:38:08,REGULAR
570,Danielle Gonzalez,wlynn@example.org,2026-01-11 20:55:27,REGULAR
571,Cynthia Mitchell,mcculloughlouis@example.com,2026-05-21 14:53:37,REGULAR
572,Matthew Steele,arianadiaz@example.com,2024-09-16 15:19:14,REGULAR
573,Caroline Edwards,jenniferdavidson@example.com,2024-07-18 16:31:46,REGULAR
574,Brandy Quinn,wford@example.com,2026-05-03 15:02:16,REGULAR
575,Mr. Matthew Miller,michele28@example.org,2024-07-20 10:00:17,REGULAR
576,Stephen Jones,mcclainmelissa@,2022-12-07 12:42:37,VIP
577,Kevin Sullivan,rebeccaarnold@example.net,2022-03-24 18:57:21,REGULAR
578,Kimberly Valdez,michaelwalker@example.net,2023-12-08 22:51:09,PREMIUM
579,Donna Marshall,sanderswayne@example.net,2023-06-14 18:18:03,REGULAR
580,Victor Holden,katherinetaylor@example.org,2025-03-27 05:02:46,REGULAR
581,Travis Hopkins,jillwebb@example.com,2022-04-09 02:04:04,REGULAR
582,Philip Hall,mike03@example.net,2023-08-16 17:54:39,REGULAR
583,Heather Harrison,ckeith@example.net,2023-04-16 11:31:59,REGULAR
584,Michael Boyd,mary49@example.net,2026-04-09 02:22:27,PREMIUM
585,Jamie Gray,blacknicholas@example.org,2022-07-13 12:01:45,PREMIUM
586,Heather Parrish,msparks@example.org,2024-10-06 21:26:59,VIP
587,Brenda Martin,robertsonjuan@example.org,2025-03-16 18:05:30,REGULAR
588,Jack Love,guerrerorobert@example.com,2024-11-29 13:45:08,REGULAR
589,Karen Mendoza,brittanyholland@example.com,2024-04-01 08:16:22,PREMIUM
590,Andrew Berry,dennishunt@example.net,2024-02-05 21:47:57,REGULAR
591,Christopher Nielsen,kgreene@example.net,2024-07-13 15:45:00,PREMIUM
592,Nathan Stanley,stacey37@example.net,2026-02-28 06:42:45,REGULAR
593,Sharon Jackson DVM,laurahoover@example.org,2024-04-29 14:28:18,REGULAR
594,Kayla Jackson,sandra99@example.org,2025-03-25 16:03:00,PREMIUM
595,James Rodriguez,alexandrablankenship@example.net,2024-12-08 07:06:23,VIP
596,Chase Davis,mvalenzuela@example.org,2024-06-21 09:43:11,REGULAR
597,Kim Goodwin,olsondavid@example.net,2022-09-03 12:51:42,REGULAR
598,April Pace,xboyd@example.org,2024-03-07 17:50:54,PREMIUM
599,Jessica Mays,yclarke@example.com,2024-04-22 09:07:14,VIP
600,Natalie Juarez,colemanjonathan@example.org,2023-03-03 11:48:49,REGULAR
246,Melinda Evans,barkereric@example.com,2025-06-22 16:38:27,REGULAR
249,Anthony Dougherty,kwright@example.com,2022-04-25 00:20:11,REGULAR
52,Courtney Velasquez,ybailey@example.org,2023-11-16 04:35:55,REGULAR
544,Rebecca Horton,housepaul@example.net,2024-07-13 02:16:37,REGULAR
232,Michele Lewis,heather73@example.org,2023-12-27 05:20:24,VIP
239,Michael Cooper,katrinaanderson@example.net,2022-05-04 20:14:07,PREMIUM
54,Meghan Anthony,sheila14@example.org,2024-10-23 14:32:03,REGULAR
103,Joseph Hayes,levans@example.com,2025-02-06 22:23:14,PREMIUM
